Team,Winrate,Season
PHO,0.756,04_05
SAS,0.72,04_05
MIA,0.72,04_05
DAL,0.707,04_05
DET,0.659,04_05
SEA,0.634,04_05
HOU,0.622,04_05
SAC,0.61,04_05
DEN,0.598,04_05
CHI,0.573,04_05
BOS,0.549,04_05
WAS,0.549,04_05
MEM,0.549,04_05
MIN,0.537,04_05
IND,0.537,04_05
PHI,0.524,04_05
CLE,0.512,04_05
NJN,0.512,04_05
LAC,0.451,04_05
ORL,0.439,04_05
LAL,0.415,04_05
GSW,0.415,04_05
NYK,0.402,04_05
TOR,0.402,04_05
MIL,0.366,04_05
POR,0.329,04_05
UTA,0.317,04_05
NOH,0.22,04_05
CHA,0.22,04_05
ATL,0.159,04_05
